HTAN_DATA_FILE_ID	HTAN_PARENT_ID	FILENAME	FILE_FORMAT	LIBRARY_LAYOUT	LIBRARY_SELECTION_METHOD	READ_LENGTH	SEQUENCING_PLATFORM	WORKFLOW_VERSION	GENOMIC_REFERENCE	GENOMIC_REFERENCE_URL	GENOME_ANNOTATION_URL	TARGET_CAPTURE_KIT	TARGET_DEPTH	LIBRARY_PREPARATION_KIT_NAME	LIBRARY_PREPARATION_KIT_VENDOR	LIBRARY_PREPARATION_KIT_VERSION	LIBRARY_PREPARATION_DAYS_FROM_INDEX	SIZE_SELECTION_RANGE	FRAGMENT_MINIMUM_LENGTH	FRAGMENT_MAXIMUM_LENGTH	FRAGMENT_MEAN_LENGTH	FRAGMENT_STANDARD_DEVIATION_LENGTH	BASE_CALLER_NAME	BASE_CALLER_VERSION	ADAPTER_NAME	ADAPTER_SEQUENCE	TO_TRIM_ADAPTER_SEQUENCE	MULTIPLEX_BARCODE	FLOW_CELL_BARCODE	LANE_NUMBER	READ_INDICATOR	SEQUENCING_BATCH_ID	TECHNICAL_REPLICATE_GROUP	CHECKSUM	PROTOCOL_LINK	WORKFLOW_LINK
HTA200_1001_D1	HTA200_1001_B1	sample001_R1.fastq.gz	fastq.gz	Paired-end	Hybrid Selection	150	ILLUMINA	1.0	GRCh38		https://www.gencodegenes.org/human/release_38.html	Agilent SureSelect Human All Exon V6		KAPA HyperPrep	Roche	1.0	7	200-400			350	50	bcl2fastq		Illumina TruSeq	AGATCGGAAGAGC	TRUE	ATCACG	HWI-ST1234	1	R1	BATCH001	REP1	d41d8cd98f00b204e9800998ecf8427e	https://protocols.io/view/exome-seq	https://dockstore.org/workflows/exome/1.0
HTA200_1002_D2	HTA200_1002_B2	sample002_R1.fastq.gz	fastq.gz	Paired-end	Hybrid Selection	150	ILLUMINA	1.0	GRCh38	https://www.ncbi.nlm.nih.gov/assembly/GCF_000001405.26/		Twist Human Core Exome	100	Twist Library Prep		1.2	7	200-400	200	400	300		bcl2fastq	2.20	Illumina TruSeq	AGATCGGAAGAGC		TTAGGC	HWI-ST1234	1	R1	BATCH001	REP1	e99a18c428cb38d5f260853678922e03	https://protocols.io/view/exome-seq	https://dockstore.org/workflows/exome/1.0
HTA200_1003_D3	HTA200_1003_B3	sample003_R2.fastq.gz	fastq.gz	Paired-end	Hybrid Selection	150	ILLUMINA	1.0	GRCh38	https://www.ncbi.nlm.nih.gov/assembly/GCF_000001405.26/	https://www.gencodegenes.org/human/release_38.html	Agilent SureSelect Human All Exon V6	100	KAPA HyperPrep	Roche		7	200-400	200	400	300	50			AGATCGGAAGAGC	TRUE	TGACCA	HWI-ST1234	1	R2	BATCH001	REP1	ab56b4d92b40713acc5af89985d4b786	https://protocols.io/view/exome-seq	https://dockstore.org/workflows/exome/1.0
HTA201_2001_D4	HTA201_2001_B4	sample004_R1.fastq.gz	fastq.gz	Paired-end	Hybrid Selection	100	ILLUMINA	1.1	GRCh37	https://www.ncbi.nlm.nih.gov/assembly/GCF_000001405.13/	https://www.gencodegenes.org/human/release_19.html	IDT xGen Exome Research Panel	80	IDT xGen Library Prep	IDT	2.0		200-350	180	380	280	45	bcl2fastq	2.20	Illumina Nextera	CTGTCTCTTATACACATCT	TRUE	ACAGTG		2	R1	BATCH002		5e8e9f3c8b5a7d2c1f4e6a9b3c7d8e1f	https://protocols.io/view/exome-seq	
HTA201_2002_D5	HTA201_2002_B5	sample005_R2.fastq.gz	fastq.gz	Paired-end	Hybrid Selection	100	ILLUMINA	1.1	GRCh37	https://www.ncbi.nlm.nih.gov/assembly/GCF_000001405.13/	https://www.gencodegenes.org/human/release_19.html	IDT xGen Exome Research Panel	80	IDT xGen Library Prep	IDT	2.0	14	200-350	180	380		45	bcl2fastq	2.20	Illumina Nextera	CTGTCTCTTATACACATCT	TRUE	GCCAAT	HWI-ST5678	2	R2	BATCH002	REP2	9b8c7d6e5f4a3b2c1d0e9f8a7b6c5d4e	https://protocols.io/view/exome-seq	https://dockstore.org/workflows/exome/1.1
HTA202_3001_D6	HTA202_3001_B6	sample006_R1.fastq.gz	fastq.gz	Paired-end	PCR	125	ILLUMINA	1.2	GRCh38	https://www.ncbi.nlm.nih.gov/assembly/GCF_000001405.26/	https://www.gencodegenes.org/human/release_38.html		75	NEBNext Ultra II	NEB	3.1	10	150-300	150	300	225	35		2.20	Illumina TruSeq	AGATCGGAAGAGC	TRUE	CAGATC	HWI-ST9012	1	R1	BATCH003	REP1	1a2b3c4d5e6f7a8b9c0d1e2f3a4b5c6d	https://protocols.io/view/pcr-free-exome	https://dockstore.org/workflows/exome/1.2
HTA202_3002_D7	HTA202_3002_B7	sample007_R2.fastq.gz	fastq.gz	Paired-end	PCR	125	ILLUMINA	1.2	GRCh38	https://www.ncbi.nlm.nih.gov/assembly/GCF_000001405.26/	https://www.gencodegenes.org/human/release_38.html	Agilent SureSelect Human All Exon V7	75	NEBNext Ultra II	NEB	3.1	10	150-300	150	300	225	35	bcl2fastq	2.20		AGATCGGAAGAGC	TRUE	ACTTGA	HWI-ST9012	1	R2	BATCH003	REP1	7f8e9d0c1b2a3f4e5d6c7b8a9f0e1d2c		https://dockstore.org/workflows/exome/1.2
HTA203_4001_D8	HTA203_4001_B8	sample008_R1.fastq.gz	fastq.gz	Single-end	Hybrid Selection	75	ILLUMINA	1.0	GRCh37		https://www.gencodegenes.org/human/release_19.html	Twist Human Core Exome	60	Twist Library Prep	Twist	1.2	21	250-450	250	450	350	60	bcl2fastq	2.20	Illumina TruSeq	AGATCGGAAGAGC		GATCAG	HWI-ST3456	3	R1	BATCH004	REP1	3c4d5e6f7a8b9c0d1e2f3a4b5c6d7e8f	https://protocols.io/view/exome-seq	https://dockstore.org/workflows/exome/1.0
HTA203_4002_D9	HTA203_4002_B9	sample009_R1.fastq.gz	fastq.gz	Single-end	Hybrid Selection	75	ILLUMINA	1.0	GRCh37	https://www.ncbi.nlm.nih.gov/assembly/GCF_000001405.13/	https://www.gencodegenes.org/human/release_19.html	Twist Human Core Exome	60	Twist Library Prep	Twist	1.2	21	250-450	250		350	60	bcl2fastq	2.20	Illumina TruSeq	AGATCGGAAGAGC	TRUE	TAGCTT	HWI-ST3456	3	R1	BATCH004	REP1	8b9c0d1e2f3a4b5c6d7e8f9a0b1c2d3e	https://protocols.io/view/exome-seq	https://dockstore.org/workflows/exome/1.0
HTA204_5001_D10	HTA204_5001_B10	sample010_R1.fastq	fastq	Paired-end	Hybrid Selection	150	ILLUMINA	2.0	GRCh38	https://www.ncbi.nlm.nih.gov/assembly/GCF_000001405.26/	https://www.gencodegenes.org/human/release_38.html	Agilent SureSelect Human All Exon V6	100	KAPA HyperPrep	Roche	1.0		200-400	200	400	300	50	bcl2fastq	2.20	Illumina TruSeq	AGATCGGAAGAGC	TRUE	GGCTAC	HWI-ST7890	1	R1	BATCH005	REP1	4d5e6f7a8b9c0d1e2f3a4b5c6d7e8f9a	https://protocols.io/view/exome-seq	https://dockstore.org/workflows/exome/2.0
HTA204_5002_D11	HTA204_5002_B11	sample011_R2.fastq	fastq	Paired-end	Hybrid Selection	150	ILLUMINA	2.0	GRCh38	https://www.ncbi.nlm.nih.gov/assembly/GCF_000001405.26/	https://www.gencodegenes.org/human/release_38.html	Agilent SureSelect Human All Exon V6	100	KAPA HyperPrep		1.0	7	200-400	200	400	300	50	bcl2fastq	2.20	Illumina TruSeq	AGATCGGAAGAGC	TRUE	CTTGTA	HWI-ST7890	1	R2	BATCH005	REP1	9e0f1a2b3c4d5e6f7a8b9c0d1e2f3a4b	https://protocols.io/view/exome-seq	https://dockstore.org/workflows/exome/2.0
HTA205_6001_D12	HTA205_6001_B12	sample012_R1.fastq.gz	fastq.gz	Paired-end	Hybrid Selection	150	ILLUMINA	1.0	GRCh38	https://www.ncbi.nlm.nih.gov/assembly/GCF_000001405.26/	https://www.gencodegenes.org/human/release_38.html	IDT xGen Exome Research Panel	90		IDT		7	200-400	200	400	300	50	bcl2fastq	2.20	Illumina TruSeq	AGATCGGAAGAGC	TRUE	AGTCAA	HWI-ST2345	2	R1	BATCH006	REP1	0f1a2b3c4d5e6f7a8b9c0d1e2f3a4b5c	https://protocols.io/view/exome-seq	https://dockstore.org/workflows/exome/1.0
HTA205_6002_D13	HTA205_6002_B13	sample013_R2.fastq.gz	fastq.gz	Paired-end	Hybrid Selection	150	ILLUMINA	1.0	GRCh38	https://www.ncbi.nlm.nih.gov/assembly/GCF_000001405.26/	https://www.gencodegenes.org/human/release_38.html	IDT xGen Exome Research Panel	90	IDT xGen Library Prep	IDT	2.0	7	200-400	200	400	300	50	bcl2fastq	2.20	Illumina TruSeq	AGATCGGAAGAGC	TRUE	AGTTCC	HWI-ST2345	2	R2	BATCH006	REP1	1a2b3c4d5e6f7a8b9c0d1e2f3a4b5c6d	https://protocols.io/view/exome-seq	https://dockstore.org/workflows/exome/1.0
HTA206_7001_D14	HTA206_7001_B14	sample014_R1.fastq.gz	fastq.gz	Paired-end	Hybrid Selection	100	ILLUMINA	1.1	GRCh37	https://www.ncbi.nlm.nih.gov/assembly/GCF_000001405.13/		Twist Human Core Exome	80	Twist Library Prep	Twist	1.2	14	200-350	180	380	280	45			CTGTCTCTTATACACATCT	TRUE	ATGTCA	HWI-ST6789	2	R1	BATCH007	REP2	2b3c4d5e6f7a8b9c0d1e2f3a4b5c6d7e	https://protocols.io/view/exome-seq	https://dockstore.org/workflows/exome/1.1
HTA206_7002_D15	HTA206_7002_B15	sample015_R2.fastq.gz	fastq.gz	Paired-end	Hybrid Selection	100	ILLUMINA	1.1	GRCh37	https://www.ncbi.nlm.nih.gov/assembly/GCF_000001405.13/	https://www.gencodegenes.org/human/release_19.html	Twist Human Core Exome	80	Twist Library Prep	Twist	1.2	14	200-350	180	380	280	45	bcl2fastq	2.20	Illumina Nextera	CTGTCTCTTATACACATCT	TRUE	CCGTCC	HWI-ST6789	2	R2	BATCH007	REP2	3c4d5e6f7a8b9c0d1e2f3a4b5c6d7e8f	https://protocols.io/view/exome-seq	https://dockstore.org/workflows/exome/1.1
HTA207_8001_D16	HTA207_8001_B16	sample016_R1.fastq.gz	fastq.gz	Paired-end	PCR	125	ILLUMINA	1.2	GRCh38	https://www.ncbi.nlm.nih.gov/assembly/GCF_000001405.26/	https://www.gencodegenes.org/human/release_38.html	Agilent SureSelect Human All Exon V7	75	NEBNext Ultra II	NEB		10	150-300		300	225	35	bcl2fastq	2.20	Illumina TruSeq	AGATCGGAAGAGC	TRUE	GTCCGC	HWI-ST0123	1	R1	BATCH008	REP1	4d5e6f7a8b9c0d1e2f3a4b5c6d7e8f9a	https://protocols.io/view/pcr-free-exome	https://dockstore.org/workflows/exome/1.2
HTA207_8002_D17	HTA207_8002_B17	sample017_R2.fastq.gz	fastq.gz	Paired-end	PCR	125	ILLUMINA	1.2	GRCh38	https://www.ncbi.nlm.nih.gov/assembly/GCF_000001405.26/	https://www.gencodegenes.org/human/release_38.html	Agilent SureSelect Human All Exon V7	75	NEBNext Ultra II	NEB	3.1	10	150-300	150	300	225	35	bcl2fastq	2.20	Illumina TruSeq	AGATCGGAAGAGC	TRUE	GTGAAA	HWI-ST0123	1	R2	BATCH008	REP1	5e6f7a8b9c0d1e2f3a4b5c6d7e8f9a0b	https://protocols.io/view/pcr-free-exome	https://dockstore.org/workflows/exome/1.2
HTA208_9001_D18	HTA208_9001_B18	sample018_R1.fastq.gz	fastq.gz	Single-end	RANDOM	75	ILLUMINA	1.0	GRCh37	https://www.ncbi.nlm.nih.gov/assembly/GCF_000001405.13/	https://www.gencodegenes.org/human/release_19.html		50	KAPA HyperPrep	Roche	1.0	28	300-500	300	500	400	70				FALSE	GTTTCG	HWI-ST4567	3	R1	BATCH009	REP1	6f7a8b9c0d1e2f3a4b5c6d7e8f9a0b1c	https://protocols.io/view/random-seq	https://dockstore.org/workflows/random/1.0
HTA208_9002_D19	HTA208_9002_B19	sample019_R1.fastq.gz	fastq.gz	Single-end	RANDOM	75	ILLUMINA	1.0	GRCh37	https://www.ncbi.nlm.nih.gov/assembly/GCF_000001405.13/	https://www.gencodegenes.org/human/release_19.html		50	KAPA HyperPrep	Roche	1.0	28	300-500	300	500	400	70	bcl2fastq	2.20			FALSE	CGTACG	HWI-ST4567	3	R1	BATCH009	REP1	7a8b9c0d1e2f3a4b5c6d7e8f9a0b1c2d	https://protocols.io/view/random-seq	https://dockstore.org/workflows/random/1.0
HTA209_10001_D20	HTA209_10001_B20	sample020_R1.fastq.gz	fastq.gz	Paired-end	other	150	ILLUMINA	1.5	GRCh38	https://www.ncbi.nlm.nih.gov/assembly/GCF_000001405.26/	https://www.gencodegenes.org/human/release_38.html	Custom Exome Panel	100	Custom Library Prep	Custom Vendor	1.0	7	200-400	200	400	300	50			AGATCGGAAGAGC		GAGTGG	HWI-ST8901	1	R1	BATCH010	REP1	8b9c0d1e2f3a4b5c6d7e8f9a0b1c2d3e	https://protocols.io/view/custom-exome	https://dockstore.org/workflows/exome/1.5
