ACQUISITION_METHOD_OTHER_SPECIFY	ACQUISITION_METHOD_TYPE	ADJACENT_BIOSPECIMEN_IDS	AGE_IN_DAYS_AT_SECTIONING	AGE_IN_DAYS_AT_SPECIMEN_COLLECTION	AGE_IN_DAYS_AT_SPECIMEN_PROCESSING	ANALYTE_TYPE	BIOSPECIMEN_TYPE	DEGREE_OF_DYSPLASIA	FIXATION_DURATION_IN_MINUTES	HTAN_BIOSPECIMEN_ID	HTAN_PARENT_ID	ICD_10_DISEASE_CODE	ICD_O_3_TISSUE_MORPHOLOGY	LONGEST_DIMENSION	METHOD_OF_NUCLEIC_ACID_ISOLATION	PERCENT_NECROSIS	PERCENT_NORMAL_CELLS	PERCENT_TUMOR_CELLS	PERCENT_TUMOR_NUCLEI	PRESERVATION_MEDIUM	PRESERVATION_METHOD	PRESERVATION_METHOD_TEMPERATURE	PROCESSING_LOCATION	SECTION_NUMBER_IN_SEQUENCE	SECTION_THICKNESS_VALUE	SHIPPING_CONDITION_TYPE	SHORTEST_DIMENSION	SITE_DATA_SOURCE	SITE_OF_RESECTION_OR_BIOPSY	SLICING_METHOD	SLIDE_CHARGE_TYPE	SPECIMEN_CELLULAR_ARCHITECTURE	SPECIMEN_LATERALITY	TIMEPOINT	TISSUE_SAMPLE_TYPE	TUMOR_CLASSIFICATION
	Surgical Resection			18250	18251	DNA	Tissue		120	HTA200_1001_B1	HTA200_1001			3.5		5.0	20.0	75.0		Liquid Nitrogen	Cryopreserved	-80 Degrees C				Dry Ice	2.1		UBERON:0002097			Tumor	Left			Primary
	Blood draw			22000	22000	DNA	Blood			HTA200_1002_B1	HTA200_1002					0.0	100.0	0.0		EDTA	Cryopreserved	-80 Degrees C				Cold Pack			UBERON:0001638			Normal	Not Applicable			
	Biopsy			19800	19801		Tissue		1440	HTA201_2001_B1	HTA201_2001	C22.0		2.5		10.0	30.0	60.0		FFPE	Fixation	25 Degrees C				Ambient Pack	1.8		UBERON:0002107			Tumor	Not Applicable		Tissue Block	Primary
	Not applicable			19800	19802	Total RNA	RNA			HTA201_2001_B2	HTA201_2001_B1				Qiagen RNeasy Kit					Liquid Nitrogen	Cryopreserved	-80 Degrees C				Dry Ice			UBERON:0002107			Tumor	Not Applicable			
	Surgical Resection			21000	21001	DNA	Tissue			HTA202_3001_B1	HTA202_3001			4.2		5.0	15.0	80.0		Liquid Nitrogen	Cryopreserved	-80 Degrees C				Dry Ice	3.1		UBERON:0002048			Tumor	Right			Metastatic
	Not applicable		19803	19800	19801		Tissue			HTA201_2001_B3	HTA201_2001_B1									FFPE	Fixation	25 Degrees C		3	5.0	Ambient Pack			UBERON:0002107	Sliding microtome	Charged	Tumor	Not Applicable		Tissue Section	
	Biopsy			16000	16001		Tissue			HTA200_1003_B1	HTA200_1003					0.0	100.0	0.0		Liquid Nitrogen	Cryopreserved	-80 Degrees C				Dry Ice			UBERON:0000970			Normal	Left			Not Applicable
	Biopsy			14600	14600		Bone Marrow			HTA203_4001_B1	HTA203_4001					0.0	60.0	40.0		DMSO	Cryopreserved	-80 Degrees C				Liquid Nitrogen			UBERON:0002371			Mixed	Not Applicable			
	Biopsy			20000	20001		Tissue	2	720	HTA204_5001_B1	HTA204_5001									Formalin Fixed - Buffered	Fixation	25 Degrees C				Ambient Pack			UBERON:0001155			Precancerous	Not Applicable			Premalignant
	Not applicable			22000	22001	DNA	DNA			HTA200_1002_B2	HTA200_1002_B1				Qiagen DNeasy Kit					TE Buffer	Cryopreserved	-20 Degrees C				Cold Pack			UBERON:0001638			Normal	Not Applicable			
	Surgical Resection			17500	17501	DNA	Tissue			HTA205_6001_B1	HTA205_6001	C50.91-		3.0		5.0	25.0	70.0		Liquid Nitrogen	Cryopreserved	-80 Degrees C				Dry Ice	2.5		UBERON:0000310			Tumor	Right			Primary
	Not specified			15000	15000	DNA	Saliva			HTA206_7001_B1	HTA206_7001									Oragene	Cryopreserved	-20 Degrees C				Ambient Pack			UBERON:0001836			Normal	Not Applicable			
	Core needle biopsy			25000	25001		Tissue		960	HTA207_8001_B1	HTA207_8001	C61				5.0	10.0	85.0		FFPE	Fixation	25 Degrees C				Ambient Pack			UBERON:0002367			Tumor	Not Applicable			Primary
	Not applicable			18000	18005		Cell Line			HTA208_9001_B1	HTA208_9001					0.0	0.0	100.0		DMSO	Cryopreserved	-150 degrees C				Liquid Nitrogen			UBERON:0000000			Tumor	Not Applicable			
	Surgical Resection			23000	23001	DNA	Tissue			HTA209_10001_B1	HTA209_10001			5.5		5.0	30.0	65.0		Liquid Nitrogen	Cryopreserved	-80 Degrees C				Dry Ice	4.0		UBERON:0002113			Tumor	Left			Primary
	Not applicable			18250	18252	Protein	Protein			HTA200_1001_B2	HTA200_1001_B1									Liquid Nitrogen	Cryopreserved	-80 Degrees C				Dry Ice			UBERON:0002097			Tumor	Left			
	Not specified			19000	19000		Urine			HTA210_11001_B1	HTA210_11001									Urine preservative	Cryopreserved	-20 Degrees C				Cold Pack			UBERON:0001088			Normal	Not Applicable			
	Surgical Resection			12000	12001		Central Nervous System			HTA211_12001_B1	HTA211_12001	C71.9		2.8		5.0	5.0	90.0		Liquid Nitrogen	Cryopreserved	-80 Degrees C				Dry Ice	2.2		UBERON:0000955			Tumor	Not Applicable			Primary
	Pancreaticoduodenectomy			24000	24001		Tissue		1200	HTA212_13001_B1	HTA212_13001	C25.9				10.0	35.0	55.0		FFPE	Fixation	25 Degrees C				Ambient Pack			UBERON:0001264			Tumor	Not Applicable			Primary
	Punch biopsy			21500	21501		Skin			HTA213_14001_B1	HTA213_14001	C43.9				5.0	15.0	80.0		Liquid Nitrogen	Cryopreserved	-80 Degrees C				Dry Ice			UBERON:0002097			Tumor	Not Applicable			Primary
